Title,Company,Location,Time Posted
Retouch Artist,Craving Digital Studio Pvt. Ltd.,"Mumbai, India",a day ago
UI/UX Designer,Mavenpro Solutions,"Kolkata, India",a day ago
Visual Designers,Byond Media,India,2 days ago
Video Editor,Win It Social,"Mumbai, India",2 days ago
UI/UX Designer,KARCO,"Mumbai, India",2 days ago
Junior Art Director/illustrator,"Freeflow Ideas, Bangalore",India,16 days ago
Graphic Designer,Studio Image Works,"New Delhi, India",22 days ago
UI/UX Designer,Knovos,"Gandhinagar, India",22 days ago
Graphic Designer,Knovos,"Gandhinagar, India",22 days ago
Graphic Designer,Palnesto,"Hyderabad, India",23 days ago
Copywriter,VOLUME,India,23 days ago
Creative Associate - Art,VOLUME,India,23 days ago
Logo Designer,Identity Makers,"Ahmedabad, India",23 days ago
Graphic Designer,WYSIWYG EVENTS PVT LTD,India,25 days ago
Graphic Designer/Social Media/Branding,Evolv Clothing Company,India,a month ago
Graphic Designer,Silly Monks Entertainment,"Hyderabad, India",a month ago
UI/UX Designer,Juntrax Solutions,"Bangalore, India",19 hours ago
Creative Director,Advertigers,"Pune, India",a day ago
Graphic Designer,Kavish Media,"Indore, India",2 days ago
Lead Graphic Designer,Intelligible Works,India,2 days ago
Graphic designer,Anynews,"Hyderabad, India",2 days ago
Sr. Video Editor,Econstruct Design and Build Pvt Ltd,India,2 days ago
Junior Graphic designer,AOS Brand Consultants,"Pune, India",2 days ago
Graphic Artist / Video Editor,Anblick Media Pvt Ltd,India,2 days ago
Graphic designer,Bigbanner,India,2 days ago
Graphic Design Intern - Branding,Moshi Moshi,"Bangalore, India",2 days ago
Graphic Designer - Social Media,Moshi Moshi,"Bangalore, India",2 days ago
Senior UI/UX Designer,Moshi Moshi,"Bangalore, India",2 days ago
Creative Director / Video Conceptualizer - Social Media,Moshi Moshi,"Bangalore, India",2 days ago
"Content Marketer Full Time - Onsite ( Hyderabad, India)",Smartwinnr,"Hyderabad, India",2 days ago
"Graphic Designer - Full time - onsite ( Hyderabad, India)",Smartwinnr,"Hyderabad, India",2 days ago
Social Media Manager,Dressfolk Pvt. Ltd.,"Udyog Vihar Phase IV, India",2 days ago
Photographer cum Photo editor,Meragi,"Hyderabad, India",2 days ago
Data Visualization Specialist (with Graphic Design Skills),4i apps solution,"Chennai, India",2 days ago
Concept Interior Designer,Skootr Offices,India,2 days ago
Videographer,So.Media,"Bangalore, India",4 days ago
Graphic Designer,So.Media,"Bangalore, India",4 days ago
Video Editor,So.Media,"Bangalore, India",4 days ago
UI/UX Designer,Amec Technology Pvt Ltd,"Nagpur, India",4 days ago
Graphic Designer,Amec Mobility Pvt Ltd,India,4 days ago
SEO,Snaptics,"Hyderabad, India",4 days ago
"Senior Associate - Copywriting (Marketing, User Retention)",MPL Gaming,"Bangalore, India",5 days ago
Design Specialist,Cybersecurity-NXXT,"Coimbatore, India",5 days ago
Graphics and Motion Graphics Designer,SocialChamps Media Pvt Ltd,India,5 days ago
Graphic Designer,The Leapfrog Network,India,5 days ago
Video Editor,Snaptics Business Solutions Pvt Ltd,"Hyderabad, India",5 days ago
Packaging Designer,Plixlife,"Mumbai, India",6 days ago
Graphic Designer,K-Hospitality,"Mumbai, India",6 days ago
Creative Art director-Advertising Agency Pune,Advertigers,"Pune, India",6 days ago
3D Visualiser,beep experience,"Bangalore, India",6 days ago
Graphic Designer,Pasay Invento,"Pune, India",6 days ago
site Engineer at Dhar m.p.,Line Architects,India,6 days ago
UX designer,Xerago,"Chennai, India",6 days ago
Jr. Graphic designer,Plixlife,"Mumbai, India",7 days ago
Assistant Manager,Burger Farm India Pvt Ltd,"Jaipur, India",7 days ago
UI/UX Designer,"Appsoleut Games, Gurgaon","New Delhi, India",7 days ago
UX/UI Desginer,Xerago,"Chennai, India",7 days ago
Junior UI/UX Designer,Technisious Infosystems,India,7 days ago
Graphic Designer,Heeds Adtech Solution,"Chennai, India",7 days ago
UI/UX Designer,CE Comfort Engineers Pvt. Ltd.,"New Delhi, India",7 days ago
UI/UX Designer,RBL Bank,"Mumbai, India",7 days ago
Creative Designer,SPINECODES SOLUTIONS LLP,India,7 days ago
Graphic designer Freshers,Talhive,"New Delhi, India",8 days ago
Motion Graphics Editor,Matar Media LLP,India,8 days ago
Thumbnail Designer,Matar Media LLP,"Bangalore, India",8 days ago
Junior Visual Designer,KGL,"Faridabad, India",8 days ago
Graphic Designer and Video Editor,Arcedior International Pvt. Ltd.,"Ahmedabad, India",8 days ago
Associate Director-UX,NOVAC TECHNOLOGY SOLUTIONS PVT LTD,"Chennai, India",8 days ago
Interior Designer/ Project coordinator,Arcedior International Pvt Ltd,"Ahmedabad, India",8 days ago
Junior Motion Graphic Designer,Blockwoods Marketing Management,"Chennai, India",8 days ago
Graphic Designer,Eqaro Guarantees,"Noida, India",9 days ago
UI and UX Designer,Precognitas Health Private Limited,"Noida, India",9 days ago
Graphic Designer,DeltaX,"Pune, India",9 days ago
Product Designer,SKIDOS,"New Delhi, India",9 days ago
Hiring urgently for Freelancer 2D animator -Remote india,vital20communication,"Ahmedabad, India",9 days ago
Graphic Designer,Talebloom,"New Delhi, India",11 days ago
Graphic Designer Intern,Aspire Jazp Technologies PVT LTD,India,11 days ago
Graphic designer,Firstry.com,"Pune, India",11 days ago
Graphic Designer,Magnus Group,"Hyderabad, India",11 days ago
Graphic Designer,Haus & Kinder,"Mumbai, India",12 days ago
Senior 3D Visualizer,MCI GeTS India Pvt. Ltd.,"New Delhi, India",12 days ago
Graphic Designer,LUPA,"Bangalore, India",12 days ago
Senior Communication Strategist,Expression 360 Services India Ltd,"New Delhi, India",12 days ago
Creative Video Editor,Filament Communique,"Pune, India",12 days ago
Graphic Designer & Video Editor,Passion Gaming Private Limited,"Panchkula, India",12 days ago
Video Editor,Reqroots,"Coimbatore, India",12 days ago
Content and Design Specialist,AGENCY09,"Mumbai, India",13 days ago
Art Director,FCB Kinnect,"Mumbai, India",13 days ago
Graphic Designer,Talebloom,"New Delhi, India",14 days ago
Illustrator,Filament Communique,India,14 days ago
Graphic Designer,ken Research,India,14 days ago
Graphic designer (Label designer),nutrition shoppe,India,14 days ago
Interior Designer,Fortune Consultants,"Bangalore, India",14 days ago
UI/UX Designer,Fortune Consultants,"Bangalore, India",14 days ago
Motion Graphics Designer,Dobby Ads,"Pune, India",15 days ago
Junior Graphic Designer,Dobby Ads,"Pune, India",15 days ago
Graphic Designer,Zypp Electric,"New Delhi, India",15 days ago
Graphic Designer,Ridhira,"Hyderabad, India",15 days ago
Job opportunity for Senior Video Editor and motion designer -Advertising Agency Ahmedabad,Senior Video and motion designer,"Ahmedabad, India",15 days ago
VIDEO CONTENT CREATOR FOR A GROWING PET BRAND,SNOOT.,"New Delhi, India",15 days ago
Social Media and Content Strategist ON SITE HYDERABAD,Bliss Farm Stays,"Hyderabad, India",16 days ago
"Graphic Designer/Content creator ON SITE HYDERABAD, INDIA",Bliss Farm Stays,"Hyderabad, India",16 days ago
UI/UX Designer,Soliteck Digisolutions Pvt. Ltd.,"Navi Mumbai, India",16 days ago
Architect (Design Manager),Tattvam Lifespaces,India,16 days ago
graphic design,bizcore solution,"Kochi, India",16 days ago
Graphic Designer/UI/UX Designer,Datacultr Fintech,"Gurgaon, India",16 days ago
Graphic Designer,Experiential Art & Marketing Communications Pvt Ltd,India,16 days ago
User Interface Designer,Echno Technologies Pvt Ltd,India,16 days ago
3D Architecture Visualiser,Square One Media Solutions Pvt,"Pune, India",16 days ago
Graphic Designer,Animation International India Pvt Ltd,"Mumbai, India",16 days ago
Graphic Designer,Dressfolk Pvt. Ltd.,"Udyog Vihar Phase IV, India",16 days ago
Senior UI/UX Designer,Nextrive,India,16 days ago
Graphic Designer,Core Asana Pvt Ltd,India,19 days ago
UI/UX Specialist,Warpdrive Tech,India,19 days ago
Senior Graphic Desinger (salary upto 6-10LPA),Advertigers,"Pune, India",19 days ago
Product Designer,Memesys Culture Lab,"Panaji, India",19 days ago
Graphic Designer,Punon Technologies Pvt. Ltd.,"Mumbai, India",20 days ago
Graphic Designer,Vrajbhoomi- Ahmedabad,"Ahmedabad, India",20 days ago
Home Textile Designer,Diva Export Private Limited,"Mumbai, India",20 days ago
Sr. Graphic Designer,Vetic,India,21 days ago
Graphic Designer cum 3D motion,SN Digitech Pvt. Ltd.,"Noida, India",21 days ago
3d Interior -Exterior designer,CREATIVE DREAMRS,India,21 days ago
Graphic Designer,E-hawkers Marketing LLP,"Indore, India",21 days ago
Copywriter,Sansee Designs,"Pune, India",21 days ago
Branding and Logo Designer,Clippet Technologies Pvt Ltd,"Bangalore, India",21 days ago
Graphic Designer,Sansee Designs,"Pune, India",21 days ago
Product Photography Internship,Aurika Tech,India,22 days ago
Graphics Designer,ClayWorks,"Bangalore, India",22 days ago
Motion Graphics Designer,Rigi,India,22 days ago
Designer,Eccentric,"Mumbai, India",22 days ago
Graphic Designer,SimBal Studios,"Pune, India",23 days ago
Motion Graphic Designer,D'Genius Solutions,"Mumbai, India",23 days ago
Graphic designer,Ink in caps,India,23 days ago
Professional 3D Animation Faculty,Arena Animation,"Hyderabad, India",23 days ago
Product Design - Intern,Leap,"Bangalore, India",23 days ago
Video Editor,Ungrammary Creative Pvt. Ltd.,"Mumbai, India",23 days ago
Graphic Designer,Metron Security Pvt Ltd,"Pune, India",23 days ago
Motion Graphics and Visual Designer,Licious,"Kochi, India",23 days ago
Assistant Manager - Design (Women's Wear),Gokaldas Exports Ltd,India,23 days ago
Senior Executive - Design (Womenswear/Outerwear),Gokaldas Exports Ltd,India,23 days ago
Sr. Graphic Designer,The Brand Odyssey,India,24 days ago
Packaging and Print Designer,Clippet Technologies Pvt Ltd,"Bangalore, India",25 days ago
Apparel Graphic Designer ( Women's wear/ Knits ),"Client of FORTUNE CONSULTANTS , Leading apparel Retailer","Bangalore, India",25 days ago
Women's Active Wear Designer,"Client of FORTUNE CONSULTANTS , Leading apparel Retailer","Bangalore, India",25 days ago
UI/UX Designer,Futurewise Technologies Pvt Ltd,India,a month ago
Creative Designer,ChiStats Labs Pvt. Ltd.,"Pune, India",a month ago
Graphic Designers/content writers,Param Foundation,"Bangalore, India",a month ago
Head of Design,1% Club,"Mumbai, India",a month ago
Graphic Designer,K11 Education Pvt.Ltd,"Mumbai, India",a month ago
Curator AND Graphic Designer,Dhi Artspace,"Hyderabad, India",a month ago
Graphic Design Intern To FullTime,Liskov AI Garage,India,a month ago
EXPERIENTIAL & SPACE DESIGNER,02JUNE DESIGN STUDIOS + FEW STEPS AHEAD,"New Delhi, India",a month ago
GRAPHIC DESIGNER,02JUNE DESIGN STUDIOS + FEW STEPS AHEAD,"New Delhi, India",a month ago
Motion Graphics Designer And Video Editor,Samespace,"Mumbai, India",a month ago
Graphic Designer,Clippet Technologies pvt ltd.,"Bangalore, India",a month ago
Product Designer,Fruitbolw Digital Media,"Mumbai, India",a month ago
Motion Graphic Designer,GoBlu-EV,"Jaipur, India",a month ago
Graphic Designer,Marisha Shah,"Ahmedabad, India",5 days ago
Graphic Designer | Canva,Design Talk,India,10 days ago
Motion Graphics Specialist (salary upto6-8LPA+),shaikh rahela,"Ahmedabad, India",19 days ago
Design Inspector,Prashant Lal,"Gurgaon, India",a month ago
Senior 3D artist,Mobile2000,Anywhere,7 hours ago
Graphic Designer,CarveMyLife Coaching Services Pvt Ltd,Anywhere,a day ago
Brand Designer Internship,CareerGenie,Anywhere,2 days ago
Graphic Designer(Social Media & Branding)(Only Indian),Zen Consulting,Anywhere,3 days ago
UI UX Designer,BinTech Services,Anywhere,3 days ago
Video Editor,BinTech Services,Anywhere,3 days ago
Senior Graphic Designer,Ciel HR,Anywhere,7 days ago
Web Designer,Webuilderz,Anywhere,7 days ago
visual designer,arc education,Anywhere,9 days ago
Social Media & Digital Marketing Specialist,Srinergy Global,Anywhere,11 days ago
Graphic Design Intern,Percipience Labs LLP,Anywhere,13 days ago
Graphic Designer,Defx,Anywhere,15 days ago
Senior UX/UI designer,Triveous,Anywhere,16 days ago
3d Designer visualizer,Sutra Luminis,Anywhere,17 days ago
Graphic Designer @QuitSure,QuitSure,Anywhere,19 days ago
Junior Graphic Designer,GetMega,Anywhere,19 days ago
CGI artist,Visivo Designs,Anywhere,21 days ago
Product Designer (UI/UX) Role at AI Startup - ChatGPT Writer,ChatGPT Writer,Anywhere,23 days ago
Freelance 3d Visualizer (3ds Max and VRay),House of Blue Beans,Anywhere,25 days ago
Texturing and Lighting Freelancer,House of Blue Beans,Anywhere,25 days ago
Graphics Designer,Kraftbase,Anywhere,a month ago
Brochure | Editorial | Guide,D4 Commerce,Anywhere,a month ago
Wedding illustrations artist,Joyinvite,Anywhere,a month ago
Graphic Design Work From Home Internship,Design Limelight,Anywhere,9 hours ago
Graphic Designer,Design Talk,Anywhere,10 days ago
Video Editor,Design Talk,Anywhere,10 days ago
Senior Graphic Designers,abi shek,Anywhere,20 days ago
Graphic Designer for packaging - Chennai,sanjay R,Anywhere,a month ago
Архитектурный 3d художник,RenderАtelier,Anywhere,7 hours ago
Reels Advertising Video Content Specialist,creativelab,Anywhere,a day ago
Creative Designer (Ecommerce Digital Agency),CommerceMate,Anywhere,2 days ago
Diseñador UI/UX Creativo,Marcelo Design X,Anywhere,2 days ago
Freelance Production Graphic Designer,NuggMD,Anywhere,6 days ago
Graphic Designer | Web Design Expertise,Devin Jatho,Anywhere,6 days ago
Illustrator/Graphic Designer Wanted to Shape the Future of Book Design!,BrainBook,Anywhere,6 days ago
Graphic Designer / Video Editor (Arabic Speaker) $150-$250,TasweeQ360,Anywhere,7 days ago
Middle+/Senior Motion Designer,Dialogue,Anywhere,7 days ago
Diseñador/a grafico/a,Luis Negri,Anywhere,7 days ago
iHeartRaves- Senior Graphic Designer,Emazing Group,Anywhere,8 days ago
Web Designer with UI/UX experience,Awove LTD,Anywhere,9 days ago
"Remote Brand Specialist - Argentina, Colombia, Indonesia, India, Malaysia, Mexico, Peru, Philippines",Make Relish,Anywhere,13 days ago
"Remote Creative Quality Specialist - Argentina, Colombia, Indonesia, India,Malaysia, Mexico, Peru, Philippines",Make Relish,Anywhere,13 days ago
"Remote Motion Graphics Artist - Argentina, Colombia, Indonesia, India, Malaysia, Mexico, Peru, Philippines",Make Relish,Anywhere,13 days ago
Children's book illustrator,Lawley Publishing,Anywhere,13 days ago
UI and Marketing Designer,Joy Studios,Anywhere,13 days ago
UI/UX Designer,Saledock,Anywhere,13 days ago
Course Editor (UI/UX Design),Interaction Design Foundation,Anywhere,13 days ago
Junior Video Editor,Robust Creative Solutions,Anywhere,14 days ago
Senior Video Editor,Robust Creative Solutions,Anywhere,14 days ago
Sr. Brand Designer,Atla*,Anywhere,14 days ago
graphic designer,Emenu Ineternational,Anywhere,18 days ago
Video content creator & storyteller (B2B SaaS),Rasayel,Anywhere,19 days ago
Visual storyteller & brand designer for B2B SaaS,Rasayel,Anywhere,19 days ago
User Experience (UX) Designer,Sports Reference,Anywhere,19 days ago
Webdesigner und Webprogrammierer gesucht (m/w/d),stellenmanufaktur,Anywhere,19 days ago
Web Developer gesucht (m/w/d),stellenmanufaktur,Anywhere,19 days ago
"Motion Graphics Designer, Video Editor and Visual Storyteller",Interaction Design Foundation Inc,Anywhere,20 days ago
2D/3D motion designer.,TENMATO j.d.o.o.,Anywhere,21 days ago
Middle/ Senior 3D Artist в студию визуализации Vis-oN,Vis-oN,Anywhere,22 days ago
Diseñador Gráfico | Logo para Sello Discográfico,Neus,Anywhere,24 days ago
3d artist - Archviz Full time job,LOBO STUDIO,Anywhere,25 days ago
Full time 3d artist - Exterior Visualizations,LOBO STUDIO,Anywhere,25 days ago
UI/UX Designer,JoinBrands,Anywhere,a month ago
Senior UX/UI,ABYAT,Anywhere,a month ago
Editorial Designer / InDesign Expert (TURKISH CITIZENS ONLY),We2,Anywhere,a month ago
Data Visualization Designer (TURKISH CITIZENS ONLY),We2,Anywhere,a month ago
Lead Designer,MOOCO Studio,Anywhere,a month ago
Versioning Designer,MOOCO Studio,Anywhere,a month ago
Mastering Designer,MOOCO Studio,Anywhere,a month ago
Art Director,MOOCO Studio,Anywhere,a month ago
Webflow Development Lead,The Sher Agency,Anywhere,a month ago
Client Strategy & Digital Content Lead,The Sher Agency,Anywhere,a month ago
Motion Designer,Timeless Content,Anywhere,a month ago
Creative Lead,Value for Women,Anywhere,a month ago
Logo Designer,Addictive Media,Anywhere,6 hours ago
Senior Product Designer (Mobile App),Simple App,Anywhere,7 hours ago
Engineer 3D Designer,Piar,Anywhere,a day ago
Video Editing Internship,infotrum LLC,Anywhere,a day ago
UI designer in game (from Ukraine),Academy SMART,Anywhere,a day ago
Senior Graphic Designer,Takafa,Anywhere,a day ago
Video editor for Reels and Internet Trends,Social Keys,Anywhere,a day ago
Video Editor (performance marketing),Zima Dental,Anywhere,a day ago
graphic designer,saydah app,Anywhere,2 days ago
grafik,Trichopartner sp. z o.o.,Anywhere,2 days ago
JavaScript Expert – Remote (Project-Based),Creativ Medium,Anywhere,4 days ago
3D Artist / VFX,Kior,Anywhere,4 days ago
Junior Graphic Designer,AMO Pictures,Anywhere,5 days ago
Creative Project Manager – Remote (Freelance),Sanchezalvaro,Anywhere,5 days ago
3D Animator,SOLVEDISA PROGRAMMING SOLUTIONS,Anywhere,5 days ago
UX / UI DESIGNER,SOLVEDISA PROGRAMMING SOLUTIONS,Anywhere,5 days ago
SENIOR GRAPHIC DESIGNER,SOLVEDISA PROGRAMMING SOLUTIONS,Anywhere,5 days ago
UI/UX designer,Eagle 3D Streaming,Anywhere,5 days ago
Multimedia Officer,Action Against Hunger USA,Anywhere,5 days ago
VFX Lead Artist (Game Dev),X-Flow,Anywhere,5 days ago
UI/UX Designer,Xenna,Anywhere,5 days ago
UI Designer,Getmore,Anywhere,6 days ago
VFX Artist with Unity,Arrdas,Anywhere,6 days ago
Lead UI/UX Designer (GameDev),X-FLOW,Anywhere,6 days ago
3D Tracking Artist,Marvin Visual,Anywhere,6 days ago
Midweight Graphic Designer,UCS,Anywhere,6 days ago
Графический дизайнер / Технический дизайнер,ГринАртДевелопмент,Anywhere,6 days ago
Full-Time Webflow Webmaster,Sixth Society,Anywhere,6 days ago
Part Time Senior Graphic Designer,Tinymoose,Anywhere,6 days ago
Landing Page & Website Designer,JUICE,Anywhere,7 days ago
Web Designer,Cuso International,Anywhere,7 days ago
Full Time UI UX Figma Designer,Sixth Society,Anywhere,7 days ago
Graphic Designer,Pin-Up,Anywhere,7 days ago
Senior Designer,Proxify,Anywhere,7 days ago
2D Marketing Artist,SciPlay,Anywhere,7 days ago
Production Designer,Digital Health Strategies,Anywhere,7 days ago
Graphic Designer – Branding & Web UI/UX Expert,Graphics Zoo,Anywhere,7 days ago
Motion Designer,Welltech,Anywhere,7 days ago
Креатор Спецпроектов,РБК,Anywhere,7 days ago
Graphic & Illustration Designer,Awesomic,Anywhere,7 days ago
Direção de Arte (Criação),Rede Parcerias,Anywhere,8 days ago
2d/3d Lead Artist (gamedev),P.D. PLAYGENES INTERNATIONAL LIMITED,Anywhere,8 days ago
Video Editor & Content Creator,JUICE,Anywhere,8 days ago
Creative UI UX designer,Zeedeo,Anywhere,8 days ago
Marketing Artist,United Tech,Anywhere,8 days ago
Social Media Designer,Logo&Co,Anywhere,8 days ago
Graphic Designer,SA Media,Anywhere,8 days ago
Graphic designer,Logo&co,Anywhere,8 days ago
Jr/Mid Web Designer/Web Artist,Wondrous Creations,Anywhere,8 days ago
Senior Architectural CGI Artist,STUDIOSME,Anywhere,8 days ago
Internship for a creative ui ux designer,Zeedeo,Anywhere,9 days ago
Client Acquisition Manager (Equity-Based),Pixfolio Digital Agency,Anywhere,9 days ago
Logo Designer,Alestra Solutions Pvt Ltd.,Anywhere,9 days ago
Graphic Designer,Darkroast,Anywhere,12 days ago
Motion Designer,Darkroast,Anywhere,12 days ago
Motion Graphics & Video Editor,AVEO Studios,Anywhere,12 days ago
UI/UX designer,Avataris,Anywhere,12 days ago
CGI Artist - EXTERIOR RENDERING Specialization,GENENSE,Anywhere,13 days ago
Senior Visual Designer with UI/UX & Branding experience,Ethera Creative,Anywhere,13 days ago
Web Designer for Premier Skincare Brand,My Derma Dream,Anywhere,14 days ago
Multi-page Designer,thinkPARALLAX,Anywhere,14 days ago
UX/UI Designer in Lebanon,gtlogic,Anywhere,14 days ago
3D Fashion Texture Artist – Substance/Blender (Freelance),INDG | Grip,Anywhere,14 days ago
DISEÑADOR GRÁFICO 3D,AGENCIA EGO,Anywhere,14 days ago
"WordPress Support Specialist at CampusPress (PHP, MySQL, CSS, HTML)","Incsub, LLC",Anywhere,14 days ago
